filename,ID,gender,index,age,race
101_MP_M_01.png,101,M,1,37,B
101_MP_M_03.png,101,M,3,64,B
102_MP_M_01.png,102,M,1,43,B
102_MP_M_03.png,102,M,3,55,B
106_MP_M_01.png,106,M,1,17,B
106_MP_M_02.png,106,M,2,42,B
107_MP_M_01.png,107,M,1,16,W
107_MP_M_04.png,107,M,4,42,W
108_MP_M_01.png,108,M,1,24,B
108_MP_M_04.png,108,M,4,37,B
110_MP_M_01.png,110,M,1,29,B
110_MP_M_02.png,110,M,2,34,B
111_MP_M_01.png,111,M,1,25,B
111_MP_M_05.png,111,M,5,48,B
112_MP_M_02.png,112,M,2,45,B
112_MP_M_03.png,112,M,3,62,B
113_MP_M_01.png,113,M,1,16,B
113_MP_M_03.png,113,M,3,42,B
114_MP_M_01.png,114,M,1,17,B
114_MP_M_03.png,114,M,3,32,B
115_MP_M_02.png,115,M,2,46,W
115_MP_M_03.png,115,M,3,47,W
117_MP_M_01.png,117,M,1,21,B
117_MP_M_03.png,117,M,3,45,B
118_MP_M_02.png,118,M,2,24,B
118_MP_M_04.png,118,M,4,43,B
119_MP_M_01.png,119,M,1,35,B
119_MP_M_03.png,119,M,3,41,B
122_MP_M_02.png,122,M,2,30,B
122_MP_M_03.png,122,M,3,40,B
123_MP_M_02.png,123,M,2,37,B
123_MP_M_03.png,123,M,3,47,B
124_MP_M_01.png,124,M,1,40,B
124_MP_M_03.png,124,M,3,50,B
125_MP_M_02.png,125,M,2,37,B
125_MP_M_04.png,125,M,4,42,B
129_MP_M_01.png,129,M,1,25,B
129_MP_M_02.png,129,M,2,38,B
131_MP_F_01.png,131,F,1,19,B
131_MP_F_02.png,131,F,2,30,B
132_MP_M_02.png,132,M,2,30,B
132_MP_M_03.png,132,M,3,37,B
134_MP_M_01.png,134,M,1,16,W
134_MP_M_02.png,134,M,2,22,W
136_MP_M_01.png,136,M,1,22,B
136_MP_M_03.png,136,M,3,43,B
137_MP_M_01.png,137,M,1,20,B
137_MP_M_02.png,137,M,2,42,B
139_MP_M_02.png,139,M,2,33,B
139_MP_M_03.png,139,M,3,43,B
140_MP_M_01.png,140,M,1,16,W
140_MP_M_03.png,140,M,3,39,W
143_MP_F_01.png,143,F,1,19,B
143_MP_F_03.png,143,F,3,28,B
148_MP_M_02.png,148,M,2,32,W
148_MP_M_03.png,148,M,3,38,W
151_MP_M_01.png,151,M,1,19,W
151_MP_M_02.png,151,M,2,31,W
160_MP_M_01.png,160,M,1,16,B
160_MP_M_02.png,160,M,2,28,B
162_MP_M_01.png,162,M,1,23,W
162_MP_M_02.png,162,M,2,38,W
169_MP_M_01.png,169,M,1,38,B
169_MP_M_03.png,169,M,3,43,B
179_MP_M_01.png,179,M,1,18,W
179_MP_M_03.png,179,M,3,25,W
182_MP_F_01.png,182,F,1,18,B
182_MP_F_02.png,182,F,2,22,B
198_MP_M_01.png,198,M,1,19,W
198_MP_M_02.png,198,M,2,19,W
199_MP_M_01.png,199,M,1,22,W
199_MP_M_02.png,199,M,2,29,W
202_MP_M_02.png,202,M,2,29,W
202_MP_M_03.png,202,M,3,29,W
226_MP_F_02.png,226,F,2,26,B
226_MP_F_03.png,226,F,3,29,B
238_MP_F_01.png,238,F,1,17,B
238_MP_F_03.png,238,F,3,23,B
248_MP_M_02.png,248,M,2,22,W
248_MP_M_03.png,248,M,3,23,W
251_MP_F_02.png,251,F,2,31,B
251_MP_F_03.png,251,F,3,32,B
263_MP_F_01.png,263,F,1,25,W
263_MP_F_04.png,263,F,4,36,W
269_MP_M_02.png,269,M,2,21,W
269_MP_M_03.png,269,M,3,22,W
273_MP_M_01.png,273,M,1,16,W
273_MP_M_03.png,273,M,3,28,W
281_MP_M_02.png,281,M,2,22,W
281_MP_M_03.png,281,M,3,30,W
290_MP_F_01.png,290,F,1,28,W
290_MP_F_02.png,290,F,2,34,W
293_MP_F_01.png,293,F,1,18,W
293_MP_F_03.png,293,F,3,36,W
299_MP_M_01.png,299,M,1,26,W
299_MP_M_02.png,299,M,2,36,W
317_MP_F_01.png,317,F,1,28,B
317_MP_F_02.png,317,F,2,28,B
320_MP_F_01.png,320,F,1,24,B
320_MP_F_02.png,320,F,2,33,B
324_MP_M_01.png,324,M,1,24,W
324_MP_M_04.png,324,M,4,36,W
325_MP_F_01.png,325,F,1,35,W
325_MP_F_03.png,325,F,3,44,W
331_MP_M_01.png,331,M,1,25,W
331_MP_M_03.png,331,M,3,29,W
334_MP_F_01.png,334,F,1,17,B
334_MP_F_02.png,334,F,2,35,B
341_MP_M_01.png,341,M,1,35,W
341_MP_M_02.png,341,M,2,48,W
345_MP_M_02.png,345,M,2,46,B
345_MP_M_03.png,345,M,3,48,B
349_MP_F_01.png,349,F,1,29,W
349_MP_F_03.png,349,F,3,41,W
365_MP_M_02.png,365,M,2,19,W
365_MP_M_03.png,365,M,3,20,W
371_MP_M_01.png,371,M,1,18,W
371_MP_M_02.png,371,M,2,19,W
372_MP_M_02.png,372,M,2,21,W
372_MP_M_03.png,372,M,3,23,W
375_MP_F_01.png,375,F,1,16,B
375_MP_F_04.png,375,F,4,35,B
383_MP_M_02.png,383,M,2,36,W
383_MP_M_03.png,383,M,3,36,W
384_MP_F_01.png,384,F,1,20,B
384_MP_F_02.png,384,F,2,27,B
404_MP_F_01.png,404,F,1,19,W
404_MP_F_03.png,404,F,3,30,W
406_MP_F_02.png,406,F,2,35,B
406_MP_F_03.png,406,F,3,36,B
412_MP_F_01.png,412,F,1,23,W
412_MP_F_02.png,412,F,2,29,W
425_MP_F_01.png,425,F,1,17,W
425_MP_F_02.png,425,F,2,22,W
443_MP_F_01.png,443,F,1,17,W
443_MP_F_02.png,443,F,2,21,W
444_MP_F_01.png,444,F,1,23,B
444_MP_F_02.png,444,F,2,25,B
447_MP_F_01.png,447,F,1,17,B
447_MP_F_03.png,447,F,3,23,B
454_MP_F_01.png,454,F,1,19,B
454_MP_F_04.png,454,F,4,31,B
469_MP_F_01.png,469,F,1,32,W
469_MP_F_02.png,469,F,2,34,W
470_MP_M_02.png,470,M,2,33,W
470_MP_M_03.png,470,M,3,42,W
475_MP_F_01.png,475,F,1,22,B
475_MP_F_03.png,475,F,3,35,B
511_MP_F_01.png,511,F,1,32,B
511_MP_F_02.png,511,F,2,37,B
517_MP_F_01.png,517,F,1,23,W
517_MP_F_02.png,517,F,2,28,W
547_MP_F_02.png,547,F,2,22,W
547_MP_F_04.png,547,F,4,25,W
565_MP_F_01.png,565,F,1,21,B
565_MP_F_02.png,565,F,2,23,B
570_MP_F_01.png,570,F,1,17,W
570_MP_F_02.png,570,F,2,26,W
578_MP_F_01.png,578,F,1,18,B
578_MP_F_04.png,578,F,4,25,B
583_MP_F_01.png,583,F,1,17,B
583_MP_F_02.png,583,F,2,18,B
584_MP_F_01.png,584,F,1,23,B
584_MP_F_02.png,584,F,2,24,B
600_MP_F_01.png,600,F,1,16,W
600_MP_F_02.png,600,F,2,19,W
607_MP_F_01.png,607,F,1,26,W
607_MP_F_02.png,607,F,2,35,W
617_MP_F_01.png,617,F,1,27,B
617_MP_F_02.png,617,F,2,35,B
620_MP_F_01.png,620,F,1,40,W
620_MP_F_03.png,620,F,3,43,W
633_MP_F_02.png,633,F,2,30,W
633_MP_F_03.png,633,F,3,33,W
647_MP_F_01.png,647,F,1,18,B
647_MP_F_03.png,647,F,3,21,B
675_MP_F_01.png,675,F,1,32,B
675_MP_F_03.png,675,F,3,35,B
684_MP_F_01.png,684,F,1,18,W
684_MP_F_02.png,684,F,2,19,W
707_MP_F_01.png,707,F,1,18,W
707_MP_F_02.png,707,F,2,22,W
1008_FG_F_04.png,1008,F,4,0,W
1008_FG_F_07.png,1008,F,7,0,W
1027_FG_F_03.png,1027,F,3,0,W
1027_FG_F_05.png,1027,F,5,0,W
1039_FG_F_06.png,1039,F,6,0,W
1039_FG_F_07.png,1039,F,7,0,W
1052_FG_F_03.png,1052,F,3,0,W
1052_FG_F_06.png,1052,F,6,0,W
1054_FG_F_11.png,1054,F,11,0,W
1054_FG_F_12.png,1054,F,12,0,W
